[{"model": "contenttypes.contenttype", "pk": 1, "fields": {"app_label": "admin", "model": "logentry"}}, {"model": "contenttypes.contenttype", "pk": 2, "fields": {"app_label": "auth", "model": "permission"}}, {"model": "contenttypes.contenttype", "pk": 3, "fields": {"app_label": "auth", "model": "group"}}, {"model": "contenttypes.contenttype", "pk": 4, "fields": {"app_label": "contenttypes", "model": "contenttype"}}, {"model": "contenttypes.contenttype", "pk": 5, "fields": {"app_label": "sessions", "model": "session"}}, {"model": "contenttypes.contenttype", "pk": 6, "fields": {"app_label": "account_app", "model": "user"}}, {"model": "contenttypes.contenttype", "pk": 7, "fields": {"app_label": "cinema_app", "model": "city"}}, {"model": "contenttypes.contenttype", "pk": 8, "fields": {"app_label": "cinema_app", "model": "genre"}}, {"model": "contenttypes.contenttype", "pk": 9, "fields": {"app_label": "cinema_app", "model": "hall"}}, {"model": "contenttypes.contenttype", "pk": 10, "fields": {"app_label": "cinema_app", "model": "hour"}}, {"model": "contenttypes.contenttype", "pk": 11, "fields": {"app_label": "cinema_app", "model": "movie"}}, {"model": "contenttypes.contenttype", "pk": 12, "fields": {"app_label": "cinema_app", "model": "movieformat"}}, {"model": "contenttypes.contenttype", "pk": 13, "fields": {"app_label": "cinema_app", "model": "seat"}}, {"model": "contenttypes.contenttype", "pk": 14, "fields": {"app_label": "cinema_app", "model": "theater"}}, {"model": "contenttypes.contenttype", "pk": 15, "fields": {"app_label": "cinema_app", "model": "session"}}, {"model": "contenttypes.contenttype", "pk": 16, "fields": {"app_label": "cinema_app", "model": "comment"}}, {"model": "contenttypes.contenttype", "pk": 17, "fields": {"app_label": "cinema_app", "model": "booking"}}, {"model": "contenttypes.contenttype", "pk": 18, "fields": {"app_label": "cinema_app", "model": "sessiondate"}}, {"model": "contenttypes.contenttype", "pk": 19, "fields": {"app_label": "cinema_app", "model": "halltype"}}, {"model": "contenttypes.contenttype", "pk": 20, "fields": {"app_label": "sites", "model": "site"}}, {"model": "contenttypes.contenttype", "pk": 21, "fields": {"app_label": "account", "model": "emailaddress"}}, {"model": "contenttypes.contenttype", "pk": 22, "fields": {"app_label": "account", "model": "emailconfirmation"}}, {"model": "contenttypes.contenttype", "pk": 23, "fields": {"app_label": "socialaccount", "model": "socialaccount"}}, {"model": "contenttypes.contenttype", "pk": 24, "fields": {"app_label": "socialaccount", "model": "socialapp"}}, {"model": "contenttypes.contenttype", "pk": 25, "fields": {"app_label": "socialaccount", "model": "socialtoken"}}, {"model": "contenttypes.contenttype", "pk": 26, "fields": {"app_label": "authtoken", "model": "token"}}, {"model": "sessions.session", "pk": "0lljbdb7bvistmnvxluuwpqca0h2lite", "fields": {"session_data": "MDU1ZGNlZWY2MmNiYWZhNzQ0ODBiYjA4ZDU5MDg2ZTBjYjVhMTc5MTp7Il9hdXRoX3VzZXJfaWQiOiIxIiwiX2F1dGhfdXNlcl9iYWNrZW5kIjoiZGphbmdvLmNvbnRyaWIuYXV0aC5iYWNrZW5kcy5Nb2RlbEJhY2tlbmQiLCJfYXV0aF91c2VyX2hhc2giOiJlM2JiMWYyYzBiZmI1YzZjYWM4OWQ0NTRiODRiZGE1MmJkZTE5MGY4In0=", "expire_date": "2020-04-08T11:06:02.255Z"}}, {"model": "sessions.session", "pk": "4nqupnokb9bamh2l8jnuy60ufq91nrij", "fields": {"session_data": "MDU1ZGNlZWY2MmNiYWZhNzQ0ODBiYjA4ZDU5MDg2ZTBjYjVhMTc5MTp7Il9hdXRoX3VzZXJfaWQiOiIxIiwiX2F1dGhfdXNlcl9iYWNrZW5kIjoiZGphbmdvLmNvbnRyaWIuYXV0aC5iYWNrZW5kcy5Nb2RlbEJhY2tlbmQiLCJfYXV0aF91c2VyX2hhc2giOiJlM2JiMWYyYzBiZmI1YzZjYWM4OWQ0NTRiODRiZGE1MmJkZTE5MGY4In0=", "expire_date": "2020-05-17T14:13:16.914Z"}}, {"model": "sessions.session", "pk": "n057jzswnyvtyv4emkd0854nwlxfxe9s", "fields": {"session_data": "MDU1ZGNlZWY2MmNiYWZhNzQ0ODBiYjA4ZDU5MDg2ZTBjYjVhMTc5MTp7Il9hdXRoX3VzZXJfaWQiOiIxIiwiX2F1dGhfdXNlcl9iYWNrZW5kIjoiZGphbmdvLmNvbnRyaWIuYXV0aC5iYWNrZW5kcy5Nb2RlbEJhY2tlbmQiLCJfYXV0aF91c2VyX2hhc2giOiJlM2JiMWYyYzBiZmI1YzZjYWM4OWQ0NTRiODRiZGE1MmJkZTE5MGY4In0=", "expire_date": "2020-06-01T13:15:34.493Z"}}, {"model": "sessions.session", "pk": "x6lt985ub59kjot228m7956upcxj5v8d", "fields": {"session_data": "MDU1ZGNlZWY2MmNiYWZhNzQ0ODBiYjA4ZDU5MDg2ZTBjYjVhMTc5MTp7Il9hdXRoX3VzZXJfaWQiOiIxIiwiX2F1dGhfdXNlcl9iYWNrZW5kIjoiZGphbmdvLmNvbnRyaWIuYXV0aC5iYWNrZW5kcy5Nb2RlbEJhY2tlbmQiLCJfYXV0aF91c2VyX2hhc2giOiJlM2JiMWYyYzBiZmI1YzZjYWM4OWQ0NTRiODRiZGE1MmJkZTE5MGY4In0=", "expire_date": "2020-05-31T15:47:21.119Z"}}, {"model": "sessions.session", "pk": "ytue1sdtuebrl7kh9py9etx5fm0ub012", "fields": {"session_data": "MDU1ZGNlZWY2MmNiYWZhNzQ0ODBiYjA4ZDU5MDg2ZTBjYjVhMTc5MTp7Il9hdXRoX3VzZXJfaWQiOiIxIiwiX2F1dGhfdXNlcl9iYWNrZW5kIjoiZGphbmdvLmNvbnRyaWIuYXV0aC5iYWNrZW5kcy5Nb2RlbEJhY2tlbmQiLCJfYXV0aF91c2VyX2hhc2giOiJlM2JiMWYyYzBiZmI1YzZjYWM4OWQ0NTRiODRiZGE1MmJkZTE5MGY4In0=", "expire_date": "2020-04-26T15:43:12.357Z"}}, {"model": "cinema_app.movieformat", "pk": 1, "fields": {"name": "2D", "created_at": "2020-03-20T12:52:57.071Z"}}, {"model": "cinema_app.genre", "pk": 1, "fields": {"name": "Action", "created_at": "2020-03-20T12:51:38.789Z"}}, {"model": "cinema_app.genre", "pk": 2, "fields": {"name": "Historic", "created_at": "2020-03-23T15:15:02.938Z"}}, {"model": "cinema_app.genre", "pk": 3, "fields": {"name": "Drama", "created_at": "2020-03-23T15:20:04.756Z"}}, {"model": "cinema_app.genre", "pk": 4, "fields": {"name": "Comedy", "created_at": "2020-03-23T15:22:58.520Z"}}, {"model": "cinema_app.movie", "pk": 1, "fields": {"title": "Sleeping Cat", "description": "Ayla is a movie", "runtime": "124", "director": "Anonim", "average": "9.8", "genre": 1, "production_company": "Some Company", "release_date": "2020-02-03", "casts": "John Doe", "poster": "movie_posters/64962762_494053804669021_5197351770409402368_n_fBF9sTj.jpg", "now_playing": true, "trailer": "https://www.youtube.com/watch?v=8PELOIYaEiw", "lang": "ENG", "slug": "ayla", "age_restriction": "7+", "created_at": "2020-03-20T12:53:15.383Z", "formats": [1]}}, {"model": "cinema_app.movie", "pk": 2, "fields": {"title": "Bloodshot", "description": "\u00c7ok satan \u00e7izgi romandan uyarlanan filmin ba\u015frol\u00fcnde, Vin Diesel bir \u00e7at\u0131\u015fma s\u0131ras\u0131nda \u00f6ld\u00fcr\u00fclen ve RST \u015firketi taraf\u0131ndan s\u00fcper kahraman Bloodshot olarak tekrar hayata d\u00f6nd\u00fcr\u00fclen asker Ray Garrison'\u0131 canland\u0131r\u0131yor. Damarlar\u0131nda dola\u015fan nano teknoloji ordusu ile Bloodshot durdurulamaz bir g\u00fc\u00e7t\u00fcr, hayli kudretlidir ve kendini an\u0131nda iyile\u015ftirebilir. Ancak, bedenini kontrol eden \u015firket, zihnini ve hat\u0131ralar\u0131n\u0131 da kontrol edebilmektedir. Bu y\u00fczden Ray, neyin ger\u00e7ek olup olmad\u0131\u011f\u0131n\u0131 bilemez, ama bulm", "runtime": "109", "director": "Dave Wilson", "average": "8", "genre": 1, "production_company": "USA company", "release_date": "2020-03-13", "casts": "Eiza Gonz\u00e1lez, Sam Heughan, Vin Diesel", "poster": "movie_posters/bloodshot.png", "now_playing": true, "trailer": "https://www.youtube.com/watch?v=8PELOIYaEiw", "lang": "Eng", "slug": "bloodshot", "age_restriction": "13", "created_at": "2020-03-23T15:12:30.789Z", "formats": [1]}}, {"model": "cinema_app.movie", "pk": 3, "fields": {"title": "Tomris", "description": "Saka T\u00fcrkleri\u2019nin ba\u015f\u0131na ge\u00e7erek Pers \u0130mparatorlu\u011fu\u2019nu yenen, T\u00fcrk tarihinin ilk kad\u0131n h\u00fck\u00fcmdar\u0131 Tomris Hatun\u2019un hayat\u0131n\u0131 ve zaferlerini anlatan \u201cTOMR\u0130S\u201d filmi, nisan ay\u0131nda izleyiciyle bulu\u015facak. Akan Satayev\u2019in y\u00f6netti\u011fi Kazakistan yap\u0131m\u0131 film, vizyona girdi\u011finde b\u00fcy\u00fck yank\u0131 uyand\u0131rarak y\u00fczbinlerce sinemaseveri salonlara \u00e7ekti. \u00d6nemli bir ba\u015far\u0131ya da imza atan \u201cTOMR\u0130S\u201d, Golden Globes \u00d6d\u00fclleri\u2019nde Yabanc\u0131 Dilde En \u0130yi Film kategorisinde bu y\u0131l yar\u0131\u015fma listesine girdi. M.\u00d6 6. y\u00fczy\u0131lda, kocas\u0131n\u0131n", "runtime": "156", "director": "Akan Satayev", "average": "8.3", "genre": 2, "production_company": "Tomris company", "release_date": "2020-04-10", "casts": "Almira Tursyn, Adil Akhmetov, Erkebulan Dairov", "poster": "movie_posters/HO00004347_637187636456169933_tomris.png", "now_playing": true, "trailer": "https://www.youtube.com/watch?v=8PELOIYaEiw", "lang": "Eng", "slug": "tomris", "age_restriction": "13", "created_at": "2020-03-23T15:17:40.399Z", "formats": [1]}}, {"model": "cinema_app.movie", "pk": 4, "fields": {"title": "Kural D\u0131\u015f\u0131", "description": "Soluksuz takip edece\u011finiz ve s\u0131n\u0131rlar\u0131 a\u015fan ger\u00e7ek bir hikayeden uyarlanan KURAL DI\u015eI, gidecek bir yeri kalmayan otizmli \u00e7ocuklara kap\u0131s\u0131n\u0131 a\u00e7m\u0131\u015f iki adam ve g\u00f6n\u00fcll\u00fc gen\u00e7lerden olu\u015fan ekiplerinin m\u00fccadelesini konu ediniyor. \u0130lk g\u00f6sterimini 2019 Cannes Film Festivali\u2019nde kapan\u0131\u015f filmi olarak yapan, ba\u015frollerini Vincent Cassel ve Reda Kateb\u2019in payla\u015ft\u0131\u011f\u0131 ve \u00fclkemizde \u00e7ok sevilen Can Dostum filminin y\u00f6netmenleri \u00c9ric Toledano ve Olivier Nakache\u2019\u0131n son filmleri KURAL DI\u015eI, s\u0131rad\u0131\u015f\u0131 karakterleriyle o", "runtime": "114", "director": "\u00c9ric Toledano, Olivi", "average": "7.8", "genre": 3, "production_company": "Some Company", "release_date": "2020-03-27", "casts": "Vincent Cassel, H\u00e9l\u00e8ne Vincent, Reda Kateb", "poster": "movie_posters/HO00004353_637191761714215254_kural-disi.png", "now_playing": true, "trailer": "https://www.youtube.com/watch?v=NacHxZKx3b4", "lang": "Eng", "slug": "kural-ds", "age_restriction": "13", "created_at": "2020-03-23T15:21:29.835Z", "formats": [1]}}, {"model": "cinema_app.movie", "pk": 5, "fields": {"title": "Eltilerin Sava\u015f\u0131", "description": "Gupse \u00d6zay, Merve Dizdar, Ferit Aktu\u011f ve Uraz Kayg\u0131laro\u011flu\u2019nun ba\u015frolde oynad\u0131\u011f\u0131, senaryosunu Gupse \u00d6zay\u2019\u0131n yazd\u0131\u011f\u0131 y\u00f6netmenli\u011fini Onur Bilgetay \u00fcstlendi\u011fi Eltilerin Sava\u015f\u0131 filmi 31 Ocak\u2019ta vizyona girecek. \u0130ki elti aras\u0131ndaki tatl\u0131 ve e\u011flenceli rekabetin, dillere plesenk olacak replikler ve \u015fark\u0131larla beyazperdeye yans\u0131d\u0131\u011f\u0131 film, sosyal medyan\u0131n g\u00fcnl\u00fck hayata katt\u0131\u011f\u0131 renkleri de kahkaha dolu bir senaryoyla izleyiciye aktar\u0131yor. Sadece kad\u0131nlar\u0131n de\u011fil, aile i\u00e7indeki erkeklerin de d\u00fcnyas\u0131n\u0131n kap", "runtime": "118", "director": "Onur Bilgetay", "average": "8", "genre": 4, "production_company": "Some Company", "release_date": "2020-01-31", "casts": "Uraz Kayg\u0131laro\u011flu, Merve Dizdar, Ferit Aktu\u011f, Gupse \u00d6zay", "poster": "movie_posters/HO00004219_637127984007777859_eltilerin-savasi.png", "now_playing": true, "trailer": "https://www.youtube.com/watch?v=8PELOIYaEiw", "lang": "Tur", "slug": "eltilerin-savas", "age_restriction": "6", "created_at": "2020-03-23T15:24:18.286Z", "formats": [1]}}, {"model": "cinema_app.movie", "pk": 6, "fields": {"title": "Hababam S\u0131n\u0131f\u0131 Yaz Oyunlar\u0131", "description": "K\u0131br\u0131s'ta her y\u0131l d\u00fczenlenen Liseleraras\u0131 geleneksel yaz oyunlar\u0131'na bu y\u0131l \u00d6zel \u00c7aml\u0131ca Lisesi de kat\u0131lma hakk\u0131 kazan\u0131r. Okulun sahibi Pinti L\u00fctfullah bu yar\u0131\u015fma i\u00e7in Fen B\u00f6l\u00fcm\u00fcnden d\u00f6rt \u00f6\u011frenci se\u00e7er. Fakat Hababam'\u0131n plan\u0131 devreye girer ve bu d\u00f6rt \u00f6\u011frencinin yerine Yak\u0131\u015f\u0131kl\u0131, Racon, Format ve Dede K\u0131br\u0131s u\u00e7a\u011f\u0131ndaki yerlerini al\u0131rlar. \u015eampiyon olmay\u0131 hi\u00e7 umursamayan ve tek ama\u00e7lar\u0131 g\u00fczel bir tatil olan Hababam i\u00e7in bu yar\u0131\u015fma, arkada\u015fl\u0131k ve dayan\u0131\u015fman\u0131n de\u011ferini anlad\u0131klar\u0131 unutulmaz bir macer", "runtime": "123", "director": "Do\u011fa Can Anafarta", "average": "8.4", "genre": 4, "production_company": "Turk Company", "release_date": "2020-04-03", "casts": "Giray Alt\u0131nok, Toygan Avano\u011flu, Hakan Meri\u00e7liler, Deniz Akkaya, Altan Erkekli, Yusuf \u00c7im, F\u0131rat Albayram", "poster": "movie_posters/HO00004346_637184890963384142_hababam-sinifi-yaz-oyunlari.png", "now_playing": true, "trailer": "https://www.youtube.com/watch?v=8PELOIYaEiw", "lang": "Tur", "slug": "hababam-snf-yaz-oyunlar", "age_restriction": "6", "created_at": "2020-03-23T15:27:11.536Z", "formats": [1]}}, {"model": "cinema_app.hour", "pk": 1, "fields": {"hour": "00:00:00"}}, {"model": "cinema_app.hour", "pk": 2, "fields": {"hour": "00:00:00"}}, {"model": "cinema_app.hour", "pk": 3, "fields": {"hour": "06:00:00"}}, {"model": "cinema_app.hour", "pk": 4, "fields": {"hour": "18:00:00"}}, {"model": "cinema_app.hour", "pk": 5, "fields": {"hour": "12:00:00"}}, {"model": "cinema_app.sessiondate", "pk": 1, "fields": {"date": "2020-02-10", "times": [2, 3, 4, 5]}}, {"model": "cinema_app.sessiondate", "pk": 2, "fields": {"date": "2020-03-20", "times": [2, 3, 4, 5]}}, {"model": "cinema_app.sessiondate", "pk": 3, "fields": {"date": "2020-03-26", "times": [2, 3, 4, 5]}}, {"model": "cinema_app.sessiondate", "pk": 4, "fields": {"date": "2020-03-27", "times": [3, 4, 5]}}, {"model": "cinema_app.sessiondate", "pk": 5, "fields": {"date": "2020-03-28", "times": [2, 3]}}, {"model": "cinema_app.sessiondate", "pk": 6, "fields": {"date": "2020-03-29", "times": [3, 4, 5]}}, {"model": "cinema_app.sessiondate", "pk": 7, "fields": {"date": "2020-03-26", "times": [3, 4]}}, {"model": "cinema_app.sessiondate", "pk": 8, "fields": {"date": "2020-03-27", "times": [2, 3, 4, 5]}}, {"model": "cinema_app.sessiondate", "pk": 9, "fields": {"date": "2020-03-28", "times": [3, 4, 5]}}, {"model": "cinema_app.city", "pk": 1, "fields": {"name": "Bak\u0131", "created_at": "2020-03-20T12:17:18.746Z", "updated_at": "2020-05-18T17:01:55.299Z"}}, {"model": "cinema_app.city", "pk": 2, "fields": {"name": "L\u0259nk\u0259ran", "created_at": "2020-03-20T12:43:09.137Z", "updated_at": "2020-03-20T12:43:09.137Z"}}, {"model": "cinema_app.city", "pk": 3, "fields": {"name": "A\u011fdam", "created_at": "2020-03-20T12:43:15.872Z", "updated_at": "2020-03-20T12:43:15.872Z"}}, {"model": "cinema_app.city", "pk": 4, "fields": {"name": "A\u011fc\u0259b\u0259di", "created_at": "2020-03-20T12:43:29.270Z", "updated_at": "2020-03-20T12:43:29.270Z"}}, {"model": "cinema_app.city", "pk": 5, "fields": {"name": "La\u00e7\u0131n", "created_at": "2020-03-20T12:43:36.259Z", "updated_at": "2020-03-20T12:43:36.259Z"}}, {"model": "cinema_app.city", "pk": 6, "fields": {"name": "K\u0259lb\u0259c\u0259r", "created_at": "2020-03-20T12:43:41.853Z", "updated_at": "2020-03-20T12:43:41.853Z"}}, {"model": "cinema_app.city", "pk": 7, "fields": {"name": "Zaqatala", "created_at": "2020-03-20T12:43:50.368Z", "updated_at": "2020-03-20T12:43:50.368Z"}}, {"model": "cinema_app.city", "pk": 8, "fields": {"name": "Quba", "created_at": "2020-03-20T12:43:54.919Z", "updated_at": "2020-03-20T12:43:54.919Z"}}, {"model": "cinema_app.city", "pk": 9, "fields": {"name": "Xa\u00e7maz", "created_at": "2020-03-20T12:44:00.866Z", "updated_at": "2020-03-20T12:44:00.866Z"}}, {"model": "cinema_app.theater", "pk": 1, "fields": {"name": "Cinemamax", "city": 1, "address": "address is not defined", "phone": null, "slug": "cinemamax", "created_at": "2020-03-20T12:17:31.385Z", "updated_at": "2020-03-20T12:17:31.385Z"}}, {"model": "cinema_app.theater", "pk": 2, "fields": {"name": "Metropark", "city": 1, "address": "address is not defined", "phone": null, "slug": "metropark", "created_at": "2020-03-20T12:29:10.034Z", "updated_at": "2020-03-20T12:29:10.034Z"}}, {"model": "cinema_app.theater", "pk": 3, "fields": {"name": "Metropark", "city": 2, "address": "address is not defined", "phone": null, "slug": "metropark", "created_at": "2020-03-20T12:49:56.091Z", "updated_at": "2020-03-20T12:49:56.091Z"}}, {"model": "cinema_app.theater", "pk": 4, "fields": {"name": "Metropark", "city": 3, "address": "address is not defined", "phone": null, "slug": "metropark", "created_at": "2020-03-20T12:50:15.341Z", "updated_at": "2020-03-20T12:50:15.341Z"}}, {"model": "cinema_app.theater", "pk": 5, "fields": {"name": "Park Cinema", "city": 2, "address": "address is not defined", "phone": null, "slug": "park-cinema", "created_at": "2020-03-20T12:50:57.716Z", "updated_at": "2020-03-20T12:50:57.716Z"}}, {"model": "cinema_app.theater", "pk": 6, "fields": {"name": "Park Cinema", "city": 6, "address": "address is not defined", "phone": null, "slug": "park-cinema", "created_at": "2020-03-26T15:12:55.346Z", "updated_at": "2020-03-26T15:12:55.346Z"}}, {"model": "cinema_app.theater", "pk": 7, "fields": {"name": "Cool movies", "city": 1, "address": "address is not defined", "phone": "+994222922222", "slug": "cool-movies", "created_at": "2020-05-17T15:48:07.503Z", "updated_at": "2020-05-17T15:48:07.503Z"}}, {"model": "cinema_app.halltype", "pk": 1, "fields": {"price": "0.1", "image": "", "type": "4D MAX"}}, {"model": "cinema_app.halltype", "pk": 2, "fields": {"price": "0.2", "image": "", "type": "Stereo"}}, {"model": "cinema_app.hall", "pk": 1, "fields": {"name": "Hall1", "theater": 1, "type": 1, "created_at": "2020-03-20T13:05:56.794Z", "seats": [1, 2, 3, 4, 5, 6, 7, 8, 9, 10, 11, 12, 13, 14, 15, 16, 17, 18, 19, 20, 21, 22]}}, {"model": "cinema_app.hall", "pk": 2, "fields": {"name": "Hall1", "theater": 6, "type": 1, "created_at": "2020-03-26T15:13:35.970Z", "seats": [23, 24, 25, 26, 27, 28, 29, 30, 31, 32, 33, 34, 35, 36, 37, 38, 39, 40, 41, 42]}}, {"model": "cinema_app.hall", "pk": 3, "fields": {"name": "Hall1", "theater": 4, "type": 2, "created_at": "2020-03-26T15:22:16.848Z", "seats": [43, 44, 45, 46, 47, 48, 49, 50, 51, 52, 53, 54, 55, 56, 57, 58, 59, 60, 61, 62, 63]}}, {"model": "cinema_app.seat", "pk": 1, "fields": {"row": 1, "column": 1, "number": 1, "active": true, "created_at": "2020-03-20T13:06:29.376Z"}}, {"model": "cinema_app.seat", "pk": 2, "fields": {"row": 1, "column": 2, "number": 2, "active": true, "created_at": "2020-03-20T13:06:29.390Z"}}, {"model": "cinema_app.seat", "pk": 3, "fields": {"row": 1, "column": 3, "number": 3, "active": true, "created_at": "2020-03-20T13:06:29.397Z"}}, {"model": "cinema_app.seat", "pk": 4, "fields": {"row": 1, "column": 4, "number": 4, "active": true, "created_at": "2020-03-20T13:06:29.406Z"}}, {"model": "cinema_app.seat", "pk": 5, "fields": {"row": 1, "column": 5, "number": 5, "active": true, "created_at": "2020-03-20T13:06:29.415Z"}}, {"model": "cinema_app.seat", "pk": 6, "fields": {"row": 2, "column": 1, "number": 6, "active": true, "created_at": "2020-03-20T13:06:29.424Z"}}, {"model": "cinema_app.seat", "pk": 7, "fields": {"row": 2, "column": 2, "number": 7, "active": true, "created_at": "2020-03-20T13:06:29.433Z"}}, {"model": "cinema_app.seat", "pk": 8, "fields": {"row": 2, "column": 3, "number": 8, "active": true, "created_at": "2020-03-20T13:06:29.441Z"}}, {"model": "cinema_app.seat", "pk": 9, "fields": {"row": 2, "column": 4, "number": 9, "active": true, "created_at": "2020-03-20T13:06:29.448Z"}}, {"model": "cinema_app.seat", "pk": 10, "fields": {"row": 2, "column": 5, "number": 10, "active": true, "created_at": "2020-03-20T13:06:29.456Z"}}, {"model": "cinema_app.seat", "pk": 11, "fields": {"row": 3, "column": 1, "number": 11, "active": true, "created_at": "2020-03-20T13:06:29.464Z"}}, {"model": "cinema_app.seat", "pk": 12, "fields": {"row": 3, "column": 2, "number": 12, "active": true, "created_at": "2020-03-20T13:06:29.472Z"}}, {"model": "cinema_app.seat", "pk": 13, "fields": {"row": 3, "column": 3, "number": 13, "active": true, "created_at": "2020-03-20T13:06:29.480Z"}}, {"model": "cinema_app.seat", "pk": 14, "fields": {"row": 3, "column": 4, "number": 14, "active": true, "created_at": "2020-03-20T13:06:29.488Z"}}, {"model": "cinema_app.seat", "pk": 15, "fields": {"row": 3, "column": 5, "number": 15, "active": true, "created_at": "2020-03-20T13:06:29.496Z"}}, {"model": "cinema_app.seat", "pk": 16, "fields": {"row": 4, "column": 1, "number": 16, "active": true, "created_at": "2020-03-20T13:06:29.504Z"}}, {"model": "cinema_app.seat", "pk": 17, "fields": {"row": 4, "column": 2, "number": 17, "active": true, "created_at": "2020-03-20T13:06:29.512Z"}}, {"model": "cinema_app.seat", "pk": 18, "fields": {"row": 4, "column": 5, "number": 20, "active": true, "created_at": "2020-03-20T13:06:29.521Z"}}, {"model": "cinema_app.seat", "pk": 19, "fields": {"row": 5, "column": 1, "number": 21, "active": true, "created_at": "2020-03-20T13:06:29.530Z"}}, {"model": "cinema_app.seat", "pk": 20, "fields": {"row": 5, "column": 3, "number": 23, "active": true, "created_at": "2020-03-20T13:06:29.540Z"}}, {"model": "cinema_app.seat", "pk": 21, "fields": {"row": 5, "column": 4, "number": 24, "active": true, "created_at": "2020-03-20T13:06:29.549Z"}}, {"model": "cinema_app.seat", "pk": 22, "fields": {"row": 5, "column": 5, "number": 25, "active": true, "created_at": "2020-03-20T13:06:29.558Z"}}, {"model": "cinema_app.seat", "pk": 23, "fields": {"row": 1, "column": 1, "number": 1, "active": true, "created_at": "2020-03-26T15:13:51.308Z"}}, {"model": "cinema_app.seat", "pk": 24, "fields": {"row": 1, "column": 2, "number": 2, "active": true, "created_at": "2020-03-26T15:13:51.322Z"}}, {"model": "cinema_app.seat", "pk": 25, "fields": {"row": 1, "column": 3, "number": 3, "active": true, "created_at": "2020-03-26T15:13:51.331Z"}}, {"model": "cinema_app.seat", "pk": 26, "fields": {"row": 1, "column": 4, "number": 4, "active": true, "created_at": "2020-03-26T15:13:51.340Z"}}, {"model": "cinema_app.seat", "pk": 27, "fields": {"row": 1, "column": 5, "number": 5, "active": true, "created_at": "2020-03-26T15:13:51.350Z"}}, {"model": "cinema_app.seat", "pk": 28, "fields": {"row": 2, "column": 1, "number": 6, "active": true, "created_at": "2020-03-26T15:13:51.359Z"}}, {"model": "cinema_app.seat", "pk": 29, "fields": {"row": 2, "column": 2, "number": 7, "active": true, "created_at": "2020-03-26T15:13:51.368Z"}}, {"model": "cinema_app.seat", "pk": 30, "fields": {"row": 2, "column": 3, "number": 8, "active": true, "created_at": "2020-03-26T15:13:51.378Z"}}, {"model": "cinema_app.seat", "pk": 31, "fields": {"row": 2, "column": 4, "number": 9, "active": true, "created_at": "2020-03-26T15:13:51.387Z"}}, {"model": "cinema_app.seat", "pk": 32, "fields": {"row": 2, "column": 5, "number": 10, "active": true, "created_at": "2020-03-26T15:13:51.397Z"}}, {"model": "cinema_app.seat", "pk": 33, "fields": {"row": 3, "column": 1, "number": 11, "active": true, "created_at": "2020-03-26T15:13:51.406Z"}}, {"model": "cinema_app.seat", "pk": 34, "fields": {"row": 3, "column": 2, "number": 12, "active": true, "created_at": "2020-03-26T15:13:51.416Z"}}, {"model": "cinema_app.seat", "pk": 35, "fields": {"row": 3, "column": 3, "number": 13, "active": true, "created_at": "2020-03-26T15:13:51.426Z"}}, {"model": "cinema_app.seat", "pk": 36, "fields": {"row": 3, "column": 4, "number": 14, "active": true, "created_at": "2020-03-26T15:13:51.436Z"}}, {"model": "cinema_app.seat", "pk": 37, "fields": {"row": 4, "column": 1, "number": 16, "active": true, "created_at": "2020-03-26T15:13:51.446Z"}}, {"model": "cinema_app.seat", "pk": 38, "fields": {"row": 4, "column": 4, "number": 19, "active": true, "created_at": "2020-03-26T15:13:51.454Z"}}, {"model": "cinema_app.seat", "pk": 39, "fields": {"row": 4, "column": 5, "number": 20, "active": true, "created_at": "2020-03-26T15:13:51.461Z"}}, {"model": "cinema_app.seat", "pk": 40, "fields": {"row": 5, "column": 1, "number": 21, "active": true, "created_at": "2020-03-26T15:13:51.468Z"}}, {"model": "cinema_app.seat", "pk": 41, "fields": {"row": 5, "column": 4, "number": 24, "active": true, "created_at": "2020-03-26T15:13:51.477Z"}}, {"model": "cinema_app.seat", "pk": 42, "fields": {"row": 5, "column": 5, "number": 25, "active": true, "created_at": "2020-03-26T15:13:51.484Z"}}, {"model": "cinema_app.seat", "pk": 43, "fields": {"row": 1, "column": 1, "number": 1, "active": true, "created_at": "2020-03-26T15:22:26.278Z"}}, {"model": "cinema_app.seat", "pk": 44, "fields": {"row": 1, "column": 2, "number": 2, "active": true, "created_at": "2020-03-26T15:22:26.290Z"}}, {"model": "cinema_app.seat", "pk": 45, "fields": {"row": 1, "column": 3, "number": 3, "active": true, "created_at": "2020-03-26T15:22:26.298Z"}}, {"model": "cinema_app.seat", "pk": 46, "fields": {"row": 1, "column": 4, "number": 4, "active": true, "created_at": "2020-03-26T15:22:26.306Z"}}, {"model": "cinema_app.seat", "pk": 47, "fields": {"row": 1, "column": 5, "number": 5, "active": true, "created_at": "2020-03-26T15:22:26.314Z"}}, {"model": "cinema_app.seat", "pk": 48, "fields": {"row": 2, "column": 1, "number": 6, "active": true, "created_at": "2020-03-26T15:22:26.322Z"}}, {"model": "cinema_app.seat", "pk": 49, "fields": {"row": 2, "column": 2, "number": 7, "active": true, "created_at": "2020-03-26T15:22:26.330Z"}}, {"model": "cinema_app.seat", "pk": 50, "fields": {"row": 2, "column": 3, "number": 8, "active": true, "created_at": "2020-03-26T15:22:26.338Z"}}, {"model": "cinema_app.seat", "pk": 51, "fields": {"row": 2, "column": 4, "number": 9, "active": true, "created_at": "2020-03-26T15:22:26.347Z"}}, {"model": "cinema_app.seat", "pk": 52, "fields": {"row": 2, "column": 5, "number": 10, "active": true, "created_at": "2020-03-26T15:22:26.354Z"}}, {"model": "cinema_app.seat", "pk": 53, "fields": {"row": 3, "column": 1, "number": 11, "active": true, "created_at": "2020-03-26T15:22:26.361Z"}}, {"model": "cinema_app.seat", "pk": 54, "fields": {"row": 3, "column": 2, "number": 12, "active": true, "created_at": "2020-03-26T15:22:26.369Z"}}, {"model": "cinema_app.seat", "pk": 55, "fields": {"row": 3, "column": 3, "number": 13, "active": true, "created_at": "2020-03-26T15:22:26.376Z"}}, {"model": "cinema_app.seat", "pk": 56, "fields": {"row": 3, "column": 4, "number": 14, "active": true, "created_at": "2020-03-26T15:22:26.383Z"}}, {"model": "cinema_app.seat", "pk": 57, "fields": {"row": 4, "column": 3, "number": 18, "active": true, "created_at": "2020-03-26T15:22:26.390Z"}}, {"model": "cinema_app.seat", "pk": 58, "fields": {"row": 4, "column": 4, "number": 19, "active": true, "created_at": "2020-03-26T15:22:26.397Z"}}, {"model": "cinema_app.seat", "pk": 59, "fields": {"row": 4, "column": 5, "number": 20, "active": true, "created_at": "2020-03-26T15:22:26.405Z"}}, {"model": "cinema_app.seat", "pk": 60, "fields": {"row": 5, "column": 1, "number": 21, "active": true, "created_at": "2020-03-26T15:22:26.412Z"}}, {"model": "cinema_app.seat", "pk": 61, "fields": {"row": 5, "column": 2, "number": 22, "active": true, "created_at": "2020-03-26T15:22:26.420Z"}}, {"model": "cinema_app.seat", "pk": 62, "fields": {"row": 5, "column": 4, "number": 24, "active": true, "created_at": "2020-03-26T15:22:26.427Z"}}, {"model": "cinema_app.seat", "pk": 63, "fields": {"row": 5, "column": 5, "number": 25, "active": true, "created_at": "2020-03-26T15:22:26.435Z"}}, {"model": "cinema_app.session", "pk": 2, "fields": {"movie": 2, "hall": 1, "slug": "bloodshot", "created_at": "2020-03-26T15:11:13.336Z", "dates": [3, 4, 5, 6]}}, {"model": "cinema_app.session", "pk": 3, "fields": {"movie": 3, "hall": 1, "slug": "tomris", "created_at": "2020-03-26T15:17:43.377Z", "dates": [8, 9, 7]}}, {"model": "cinema_app.session", "pk": 4, "fields": {"movie": 4, "hall": 2, "slug": "kural-ds", "created_at": "2020-03-26T15:20:46.052Z", "dates": [1, 2, 3, 4, 5, 6, 7]}}, {"model": "cinema_app.session", "pk": 12, "fields": {"movie": 6, "hall": 1, "slug": "hababam-snf-yaz-oyunlar", "created_at": "2020-03-27T15:16:03.225Z", "dates": [1, 2, 3, 4, 5]}}, {"model": "cinema_app.session", "pk": 13, "fields": {"movie": 6, "hall": 1, "slug": "hababam-snf-yaz-oyunlar", "created_at": "2020-03-27T15:22:43.947Z", "dates": [1, 2, 3, 4, 5, 6, 7]}}, {"model": "cinema_app.session", "pk": 14, "fields": {"movie": 6, "hall": 1, "slug": "hababam-snf-yaz-oyunlar", "created_at": "2020-03-27T15:24:52.255Z", "dates": [1, 2, 3, 4]}}, {"model": "cinema_app.session", "pk": 15, "fields": {"movie": 6, "hall": 1, "slug": "hababam-snf-yaz-oyunlar", "created_at": "2020-03-27T15:51:36.480Z", "dates": [1, 2, 3, 4, 5]}}, {"model": "cinema_app.session", "pk": 16, "fields": {"movie": 5, "hall": 2, "slug": "eltilerin-savas", "created_at": "2020-03-28T06:03:25.747Z", "dates": [1, 2, 3, 4, 5, 6, 7]}}, {"model": "cinema_app.session", "pk": 18, "fields": {"movie": 1, "hall": 3, "slug": "sleeping-cat", "created_at": "2020-05-18T14:39:08.289Z", "dates": [2, 3, 4, 5, 6, 7, 8, 9]}}, {"model": "cinema_app.session", "pk": 19, "fields": {"movie": 6, "hall": 1, "slug": "hababam-snf-yaz-oyunlar", "created_at": "2020-05-18T14:39:31.098Z", "dates": [1, 2, 3, 4, 5, 6, 7, 8, 9]}}, {"model": "cinema_app.session", "pk": 20, "fields": {"movie": 6, "hall": 3, "slug": "hababam-snf-yaz-oyunlar", "created_at": "2020-05-18T17:05:03.928Z", "dates": [1, 2, 3, 4, 5, 6]}}, {"model": "cinema_app.session", "pk": 21, "fields": {"movie": 2, "hall": 1, "slug": "bloodshot", "created_at": "2020-05-19T12:29:46.183Z", "dates": [1, 2, 3, 4, 5, 6]}}, {"model": "cinema_app.session", "pk": 22, "fields": {"movie": 3, "hall": 2, "slug": "tomris", "created_at": "2020-05-19T12:30:13.310Z", "dates": [5, 6, 7, 8, 9]}}, {"model": "cinema_app.session", "pk": 23, "fields": {"movie": 4, "hall": 1, "slug": "kural-ds", "created_at": "2020-05-19T12:30:55.504Z", "dates": [5, 6, 7, 8, 9]}}, {"model": "sites.site", "pk": 1, "fields": {"domain": "example.com", "name": "example.com"}}, {"model": "auth.permission", "pk": 1, "fields": {"name": "Can add log entry", "content_type": 1, "codename": "add_logentry"}}, {"model": "auth.permission", "pk": 2, "fields": {"name": "Can change log entry", "content_type": 1, "codename": "change_logentry"}}, {"model": "auth.permission", "pk": 3, "fields": {"name": "Can delete log entry", "content_type": 1, "codename": "delete_logentry"}}, {"model": "auth.permission", "pk": 4, "fields": {"name": "Can view log entry", "content_type": 1, "codename": "view_logentry"}}, {"model": "auth.permission", "pk": 5, "fields": {"name": "Can add permission", "content_type": 2, "codename": "add_permission"}}, {"model": "auth.permission", "pk": 6, "fields": {"name": "Can change permission", "content_type": 2, "codename": "change_permission"}}, {"model": "auth.permission", "pk": 7, "fields": {"name": "Can delete permission", "content_type": 2, "codename": "delete_permission"}}, {"model": "auth.permission", "pk": 8, "fields": {"name": "Can view permission", "content_type": 2, "codename": "view_permission"}}, {"model": "auth.permission", "pk": 9, "fields": {"name": "Can add group", "content_type": 3, "codename": "add_group"}}, {"model": "auth.permission", "pk": 10, "fields": {"name": "Can change group", "content_type": 3, "codename": "change_group"}}, {"model": "auth.permission", "pk": 11, "fields": {"name": "Can delete group", "content_type": 3, "codename": "delete_group"}}, {"model": "auth.permission", "pk": 12, "fields": {"name": "Can view group", "content_type": 3, "codename": "view_group"}}, {"model": "auth.permission", "pk": 13, "fields": {"name": "Can add content type", "content_type": 4, "codename": "add_contenttype"}}, {"model": "auth.permission", "pk": 14, "fields": {"name": "Can change content type", "content_type": 4, "codename": "change_contenttype"}}, {"model": "auth.permission", "pk": 15, "fields": {"name": "Can delete content type", "content_type": 4, "codename": "delete_contenttype"}}, {"model": "auth.permission", "pk": 16, "fields": {"name": "Can view content type", "content_type": 4, "codename": "view_contenttype"}}, {"model": "auth.permission", "pk": 17, "fields": {"name": "Can add session", "content_type": 5, "codename": "add_session"}}, {"model": "auth.permission", "pk": 18, "fields": {"name": "Can change session", "content_type": 5, "codename": "change_session"}}, {"model": "auth.permission", "pk": 19, "fields": {"name": "Can delete session", "content_type": 5, "codename": "delete_session"}}, {"model": "auth.permission", "pk": 20, "fields": {"name": "Can view session", "content_type": 5, "codename": "view_session"}}, {"model": "auth.permission", "pk": 21, "fields": {"name": "Can add user", "content_type": 6, "codename": "add_user"}}, {"model": "auth.permission", "pk": 22, "fields": {"name": "Can change user", "content_type": 6, "codename": "change_user"}}, {"model": "auth.permission", "pk": 23, "fields": {"name": "Can delete user", "content_type": 6, "codename": "delete_user"}}, {"model": "auth.permission", "pk": 24, "fields": {"name": "Can view user", "content_type": 6, "codename": "view_user"}}, {"model": "auth.permission", "pk": 25, "fields": {"name": "Can add city", "content_type": 7, "codename": "add_city"}}, {"model": "auth.permission", "pk": 26, "fields": {"name": "Can change city", "content_type": 7, "codename": "change_city"}}, {"model": "auth.permission", "pk": 27, "fields": {"name": "Can delete city", "content_type": 7, "codename": "delete_city"}}, {"model": "auth.permission", "pk": 28, "fields": {"name": "Can view city", "content_type": 7, "codename": "view_city"}}, {"model": "auth.permission", "pk": 29, "fields": {"name": "Can add genre", "content_type": 8, "codename": "add_genre"}}, {"model": "auth.permission", "pk": 30, "fields": {"name": "Can change genre", "content_type": 8, "codename": "change_genre"}}, {"model": "auth.permission", "pk": 31, "fields": {"name": "Can delete genre", "content_type": 8, "codename": "delete_genre"}}, {"model": "auth.permission", "pk": 32, "fields": {"name": "Can view genre", "content_type": 8, "codename": "view_genre"}}, {"model": "auth.permission", "pk": 33, "fields": {"name": "Can add hall", "content_type": 9, "codename": "add_hall"}}, {"model": "auth.permission", "pk": 34, "fields": {"name": "Can change hall", "content_type": 9, "codename": "change_hall"}}, {"model": "auth.permission", "pk": 35, "fields": {"name": "Can delete hall", "content_type": 9, "codename": "delete_hall"}}, {"model": "auth.permission", "pk": 36, "fields": {"name": "Can view hall", "content_type": 9, "codename": "view_hall"}}, {"model": "auth.permission", "pk": 37, "fields": {"name": "Can add hour", "content_type": 10, "codename": "add_hour"}}, {"model": "auth.permission", "pk": 38, "fields": {"name": "Can change hour", "content_type": 10, "codename": "change_hour"}}, {"model": "auth.permission", "pk": 39, "fields": {"name": "Can delete hour", "content_type": 10, "codename": "delete_hour"}}, {"model": "auth.permission", "pk": 40, "fields": {"name": "Can view hour", "content_type": 10, "codename": "view_hour"}}, {"model": "auth.permission", "pk": 41, "fields": {"name": "Can add movie", "content_type": 11, "codename": "add_movie"}}, {"model": "auth.permission", "pk": 42, "fields": {"name": "Can change movie", "content_type": 11, "codename": "change_movie"}}, {"model": "auth.permission", "pk": 43, "fields": {"name": "Can delete movie", "content_type": 11, "codename": "delete_movie"}}, {"model": "auth.permission", "pk": 44, "fields": {"name": "Can view movie", "content_type": 11, "codename": "view_movie"}}, {"model": "auth.permission", "pk": 45, "fields": {"name": "Can add movie format", "content_type": 12, "codename": "add_movieformat"}}, {"model": "auth.permission", "pk": 46, "fields": {"name": "Can change movie format", "content_type": 12, "codename": "change_movieformat"}}, {"model": "auth.permission", "pk": 47, "fields": {"name": "Can delete movie format", "content_type": 12, "codename": "delete_movieformat"}}, {"model": "auth.permission", "pk": 48, "fields": {"name": "Can view movie format", "content_type": 12, "codename": "view_movieformat"}}, {"model": "auth.permission", "pk": 49, "fields": {"name": "Can add seat", "content_type": 13, "codename": "add_seat"}}, {"model": "auth.permission", "pk": 50, "fields": {"name": "Can change seat", "content_type": 13, "codename": "change_seat"}}, {"model": "auth.permission", "pk": 51, "fields": {"name": "Can delete seat", "content_type": 13, "codename": "delete_seat"}}, {"model": "auth.permission", "pk": 52, "fields": {"name": "Can view seat", "content_type": 13, "codename": "view_seat"}}, {"model": "auth.permission", "pk": 53, "fields": {"name": "Can add theater", "content_type": 14, "codename": "add_theater"}}, {"model": "auth.permission", "pk": 54, "fields": {"name": "Can change theater", "content_type": 14, "codename": "change_theater"}}, {"model": "auth.permission", "pk": 55, "fields": {"name": "Can delete theater", "content_type": 14, "codename": "delete_theater"}}, {"model": "auth.permission", "pk": 56, "fields": {"name": "Can view theater", "content_type": 14, "codename": "view_theater"}}, {"model": "auth.permission", "pk": 57, "fields": {"name": "Can add session", "content_type": 15, "codename": "add_session"}}, {"model": "auth.permission", "pk": 58, "fields": {"name": "Can change session", "content_type": 15, "codename": "change_session"}}, {"model": "auth.permission", "pk": 59, "fields": {"name": "Can delete session", "content_type": 15, "codename": "delete_session"}}, {"model": "auth.permission", "pk": 60, "fields": {"name": "Can view session", "content_type": 15, "codename": "view_session"}}, {"model": "auth.permission", "pk": 61, "fields": {"name": "Can add comment", "content_type": 16, "codename": "add_comment"}}, {"model": "auth.permission", "pk": 62, "fields": {"name": "Can change comment", "content_type": 16, "codename": "change_comment"}}, {"model": "auth.permission", "pk": 63, "fields": {"name": "Can delete comment", "content_type": 16, "codename": "delete_comment"}}, {"model": "auth.permission", "pk": 64, "fields": {"name": "Can view comment", "content_type": 16, "codename": "view_comment"}}, {"model": "auth.permission", "pk": 65, "fields": {"name": "Can add booking", "content_type": 17, "codename": "add_booking"}}, {"model": "auth.permission", "pk": 66, "fields": {"name": "Can change booking", "content_type": 17, "codename": "change_booking"}}, {"model": "auth.permission", "pk": 67, "fields": {"name": "Can delete booking", "content_type": 17, "codename": "delete_booking"}}, {"model": "auth.permission", "pk": 68, "fields": {"name": "Can view booking", "content_type": 17, "codename": "view_booking"}}, {"model": "auth.permission", "pk": 69, "fields": {"name": "Can add session date", "content_type": 18, "codename": "add_sessiondate"}}, {"model": "auth.permission", "pk": 70, "fields": {"name": "Can change session date", "content_type": 18, "codename": "change_sessiondate"}}, {"model": "auth.permission", "pk": 71, "fields": {"name": "Can delete session date", "content_type": 18, "codename": "delete_sessiondate"}}, {"model": "auth.permission", "pk": 72, "fields": {"name": "Can view session date", "content_type": 18, "codename": "view_sessiondate"}}, {"model": "auth.permission", "pk": 73, "fields": {"name": "Can add hall type", "content_type": 19, "codename": "add_halltype"}}, {"model": "auth.permission", "pk": 74, "fields": {"name": "Can change hall type", "content_type": 19, "codename": "change_halltype"}}, {"model": "auth.permission", "pk": 75, "fields": {"name": "Can delete hall type", "content_type": 19, "codename": "delete_halltype"}}, {"model": "auth.permission", "pk": 76, "fields": {"name": "Can view hall type", "content_type": 19, "codename": "view_halltype"}}, {"model": "auth.permission", "pk": 77, "fields": {"name": "Can add site", "content_type": 20, "codename": "add_site"}}, {"model": "auth.permission", "pk": 78, "fields": {"name": "Can change site", "content_type": 20, "codename": "change_site"}}, {"model": "auth.permission", "pk": 79, "fields": {"name": "Can delete site", "content_type": 20, "codename": "delete_site"}}, {"model": "auth.permission", "pk": 80, "fields": {"name": "Can view site", "content_type": 20, "codename": "view_site"}}, {"model": "auth.permission", "pk": 81, "fields": {"name": "Can add email address", "content_type": 21, "codename": "add_emailaddress"}}, {"model": "auth.permission", "pk": 82, "fields": {"name": "Can change email address", "content_type": 21, "codename": "change_emailaddress"}}, {"model": "auth.permission", "pk": 83, "fields": {"name": "Can delete email address", "content_type": 21, "codename": "delete_emailaddress"}}, {"model": "auth.permission", "pk": 84, "fields": {"name": "Can view email address", "content_type": 21, "codename": "view_emailaddress"}}, {"model": "auth.permission", "pk": 85, "fields": {"name": "Can add email confirmation", "content_type": 22, "codename": "add_emailconfirmation"}}, {"model": "auth.permission", "pk": 86, "fields": {"name": "Can change email confirmation", "content_type": 22, "codename": "change_emailconfirmation"}}, {"model": "auth.permission", "pk": 87, "fields": {"name": "Can delete email confirmation", "content_type": 22, "codename": "delete_emailconfirmation"}}, {"model": "auth.permission", "pk": 88, "fields": {"name": "Can view email confirmation", "content_type": 22, "codename": "view_emailconfirmation"}}, {"model": "auth.permission", "pk": 89, "fields": {"name": "Can add social account", "content_type": 23, "codename": "add_socialaccount"}}, {"model": "auth.permission", "pk": 90, "fields": {"name": "Can change social account", "content_type": 23, "codename": "change_socialaccount"}}, {"model": "auth.permission", "pk": 91, "fields": {"name": "Can delete social account", "content_type": 23, "codename": "delete_socialaccount"}}, {"model": "auth.permission", "pk": 92, "fields": {"name": "Can view social account", "content_type": 23, "codename": "view_socialaccount"}}, {"model": "auth.permission", "pk": 93, "fields": {"name": "Can add social application", "content_type": 24, "codename": "add_socialapp"}}, {"model": "auth.permission", "pk": 94, "fields": {"name": "Can change social application", "content_type": 24, "codename": "change_socialapp"}}, {"model": "auth.permission", "pk": 95, "fields": {"name": "Can delete social application", "content_type": 24, "codename": "delete_socialapp"}}, {"model": "auth.permission", "pk": 96, "fields": {"name": "Can view social application", "content_type": 24, "codename": "view_socialapp"}}, {"model": "auth.permission", "pk": 97, "fields": {"name": "Can add social application token", "content_type": 25, "codename": "add_socialtoken"}}, {"model": "auth.permission", "pk": 98, "fields": {"name": "Can change social application token", "content_type": 25, "codename": "change_socialtoken"}}, {"model": "auth.permission", "pk": 99, "fields": {"name": "Can delete social application token", "content_type": 25, "codename": "delete_socialtoken"}}, {"model": "auth.permission", "pk": 100, "fields": {"name": "Can view social application token", "content_type": 25, "codename": "view_socialtoken"}}, {"model": "auth.permission", "pk": 101, "fields": {"name": "Can add Token", "content_type": 26, "codename": "add_token"}}, {"model": "auth.permission", "pk": 102, "fields": {"name": "Can change Token", "content_type": 26, "codename": "change_token"}}, {"model": "auth.permission", "pk": 103, "fields": {"name": "Can delete Token", "content_type": 26, "codename": "delete_token"}}, {"model": "auth.permission", "pk": 104, "fields": {"name": "Can view Token", "content_type": 26, "codename": "view_token"}}, {"model": "account_app.user", "pk": 1, "fields": {"password": "pbkdf2_sha256$180000$TFuiABOTN07J$ctrLci20FJK8qWYzLEzh0enJ755Bw58NlF/364Aj3kk=", "last_login": "2020-05-18T13:15:34.486Z", "is_superuser": true, "username": "admin", "first_name": "", "last_name": "", "is_staff": true, "is_active": true, "date_joined": "2020-03-20T12:16:43.583Z", "phone": "", "gender": 0, "birthday": null, "card_number": null, "email": "admin@gmail.com", "avatar": "", "groups": [], "user_permissions": []}}, {"model": "account_app.user", "pk": 3, "fields": {"password": "pbkdf2_sha256$180000$SeFvRsahhLCl$IBAf02AzCHMJwPefrEYcRpIeV82zikr4l0Cc+qQ2ogU=", "last_login": "2020-03-20T14:55:47.223Z", "is_superuser": false, "username": "shahin", "first_name": "shahin", "last_name": "Zeynalov", "is_staff": false, "is_active": true, "date_joined": "2020-03-20T14:55:46.886Z", "phone": "", "gender": 0, "birthday": null, "card_number": null, "email": "email@gmail.com", "avatar": "", "groups": [], "user_permissions": []}}, {"model": "account_app.user", "pk": 4, "fields": {"password": "pbkdf2_sha256$180000$EGksvNleUNHi$gvaqseJ7SQVuwXdcP2RpfEwsWo86oO17+qF/w1CjEoI=", "last_login": "2020-03-25T10:57:05.040Z", "is_superuser": false, "username": "ttttttttttt", "first_name": "ttttttttttt", "last_name": "eeeeeeeeeeeee", "is_staff": false, "is_active": true, "date_joined": "2020-03-25T10:57:04.736Z", "phone": "", "gender": 0, "birthday": null, "card_number": null, "email": "test@gm.com", "avatar": "", "groups": [], "user_permissions": []}}, {"model": "account_app.user", "pk": 5, "fields": {"password": "pbkdf2_sha256$180000$kEWdkdG1eJUD$VpnJv+hvxl8bkJxHm/Jms1LsoUvQDqG2xn36qOStQhI=", "last_login": "2020-03-25T11:00:44.701Z", "is_superuser": false, "username": "ttttttttttttast", "first_name": "ttttttttttttast", "last_name": "raerwerfgvre", "is_staff": false, "is_active": true, "date_joined": "2020-03-25T11:00:44.398Z", "phone": "", "gender": 0, "birthday": null, "card_number": null, "email": "daw@gmail.com", "avatar": "", "groups": [], "user_permissions": []}}, {"model": "account_app.user", "pk": 6, "fields": {"password": "pbkdf2_sha256$180000$QZvG6FeCtjVy$HXz+2HUQuKTRdU/ehV7RoWCeBVFiMz9u44g25zT8Q98=", "last_login": "2020-03-25T11:04:52.742Z", "is_superuser": false, "username": "ffffffffffffdsfffff", "first_name": "ffffffffffffdsfffff", "last_name": "fsadfffffffagsd", "is_staff": false, "is_active": true, "date_joined": "2020-03-25T11:04:52.430Z", "phone": "", "gender": 0, "birthday": null, "card_number": null, "email": "qs@g.com", "avatar": "", "groups": [], "user_permissions": []}}, {"model": "account_app.user", "pk": 7, "fields": {"password": "", "last_login": null, "is_superuser": false, "username": "", "first_name": "", "last_name": "", "is_staff": false, "is_active": true, "date_joined": "2020-04-01T17:34:13.960Z", "phone": "", "gender": 0, "birthday": null, "card_number": null, "email": "", "avatar": "", "groups": [], "user_permissions": []}}, {"model": "account.emailaddress", "pk": 1, "fields": {"user": 3, "email": "email@gmail.com", "verified": false, "primary": true}}, {"model": "account.emailaddress", "pk": 2, "fields": {"user": 4, "email": "test@gm.com", "verified": false, "primary": true}}, {"model": "account.emailaddress", "pk": 3, "fields": {"user": 5, "email": "daw@gmail.com", "verified": false, "primary": true}}, {"model": "account.emailaddress", "pk": 4, "fields": {"user": 6, "email": "qs@g.com", "verified": false, "primary": true}}, {"model": "authtoken.token", "pk": "47792b15dbe2d841409ca5f6c2263514d31d8585", "fields": {"user": 6, "created": "2020-03-25T11:04:52.727Z"}}, {"model": "authtoken.token", "pk": "5e9b3aca02b93aa9564c1c3075fdeb327b33ce2d", "fields": {"user": 4, "created": "2020-03-25T10:57:05.022Z"}}, {"model": "authtoken.token", "pk": "75009862eca7170967d9d7245e4237ed6553f40a", "fields": {"user": 1, "created": "2020-03-20T17:22:35.209Z"}}, {"model": "authtoken.token", "pk": "b96dc0a2ccda99b533c64b6bbf784a9e6610c588", "fields": {"user": 3, "created": "2020-03-20T14:55:47.206Z"}}, {"model": "authtoken.token", "pk": "e5237193105ff35e345bab3ce05465ec9909d349", "fields": {"user": 5, "created": "2020-03-25T11:00:44.685Z"}}, {"model": "admin.logentry", "pk": 1, "fields": {"action_time": "2020-03-20T12:17:18.749Z", "user": 1, "content_type": 7, "object_id": "1", "object_repr": "Bak\u0131", "action_flag": 1, "change_message": "[{\"added\": {}}]"}}, {"model": "admin.logentry", "pk": 2, "fields": {"action_time": "2020-03-20T12:17:31.388Z", "user": 1, "content_type": 14, "object_id": "1", "object_repr": "Cinemamax", "action_flag": 1, "change_message": "[{\"added\": {}}]"}}, {"model": "admin.logentry", "pk": 3, "fields": {"action_time": "2020-03-20T12:29:10.040Z", "user": 1, "content_type": 14, "object_id": "2", "object_repr": "Metropark", "action_flag": 1, "change_message": "[{\"added\": {}}]"}}, {"model": "admin.logentry", "pk": 4, "fields": {"action_time": "2020-03-20T12:43:09.139Z", "user": 1, "content_type": 7, "object_id": "2", "object_repr": "L\u0259nk\u0259ran", "action_flag": 1, "change_message": "[{\"added\": {}}]"}}, {"model": "admin.logentry", "pk": 5, "fields": {"action_time": "2020-03-20T12:43:15.875Z", "user": 1, "content_type": 7, "object_id": "3", "object_repr": "A\u011fdam", "action_flag": 1, "change_message": "[{\"added\": {}}]"}}, {"model": "admin.logentry", "pk": 6, "fields": {"action_time": "2020-03-20T12:43:29.273Z", "user": 1, "content_type": 7, "object_id": "4", "object_repr": "A\u011fc\u0259b\u0259di", "action_flag": 1, "change_message": "[{\"added\": {}}]"}}, {"model": "admin.logentry", "pk": 7, "fields": {"action_time": "2020-03-20T12:43:36.261Z", "user": 1, "content_type": 7, "object_id": "5", "object_repr": "La\u00e7\u0131n", "action_flag": 1, "change_message": "[{\"added\": {}}]"}}, {"model": "admin.logentry", "pk": 8, "fields": {"action_time": "2020-03-20T12:43:41.855Z", "user": 1, "content_type": 7, "object_id": "6", "object_repr": "K\u0259lb\u0259c\u0259r", "action_flag": 1, "change_message": "[{\"added\": {}}]"}}, {"model": "admin.logentry", "pk": 9, "fields": {"action_time": "2020-03-20T12:43:50.372Z", "user": 1, "content_type": 7, "object_id": "7", "object_repr": "Zaqatala", "action_flag": 1, "change_message": "[{\"added\": {}}]"}}, {"model": "admin.logentry", "pk": 10, "fields": {"action_time": "2020-03-20T12:43:54.921Z", "user": 1, "content_type": 7, "object_id": "8", "object_repr": "Quba", "action_flag": 1, "change_message": "[{\"added\": {}}]"}}, {"model": "admin.logentry", "pk": 11, "fields": {"action_time": "2020-03-20T12:44:00.868Z", "user": 1, "content_type": 7, "object_id": "9", "object_repr": "Xa\u00e7maz", "action_flag": 1, "change_message": "[{\"added\": {}}]"}}, {"model": "admin.logentry", "pk": 12, "fields": {"action_time": "2020-03-20T12:49:56.095Z", "user": 1, "content_type": 14, "object_id": "3", "object_repr": "Metropark", "action_flag": 1, "change_message": "[{\"added\": {}}]"}}, {"model": "admin.logentry", "pk": 13, "fields": {"action_time": "2020-03-20T12:50:15.343Z", "user": 1, "content_type": 14, "object_id": "4", "object_repr": "Metropark", "action_flag": 1, "change_message": "[{\"added\": {}}]"}}, {"model": "admin.logentry", "pk": 14, "fields": {"action_time": "2020-03-20T12:50:57.718Z", "user": 1, "content_type": 14, "object_id": "5", "object_repr": "Park Cinema", "action_flag": 1, "change_message": "[{\"added\": {}}]"}}, {"model": "admin.logentry", "pk": 15, "fields": {"action_time": "2020-03-20T12:51:38.792Z", "user": 1, "content_type": 8, "object_id": "1", "object_repr": "Action", "action_flag": 1, "change_message": "[{\"added\": {}}]"}}, {"model": "admin.logentry", "pk": 16, "fields": {"action_time": "2020-03-20T12:52:57.074Z", "user": 1, "content_type": 12, "object_id": "1", "object_repr": "2D", "action_flag": 1, "change_message": "[{\"added\": {}}]"}}, {"model": "admin.logentry", "pk": 17, "fields": {"action_time": "2020-03-20T12:53:15.396Z", "user": 1, "content_type": 11, "object_id": "1", "object_repr": "Title:Ayla Lang:ENG", "action_flag": 1, "change_message": "[{\"added\": {}}]"}}, {"model": "admin.logentry", "pk": 18, "fields": {"action_time": "2020-03-20T12:54:48.264Z", "user": 1, "content_type": 10, "object_id": "1", "object_repr": "00:00:00", "action_flag": 1, "change_message": "[{\"added\": {}}]"}}, {"model": "admin.logentry", "pk": 19, "fields": {"action_time": "2020-03-20T12:54:56.345Z", "user": 1, "content_type": 10, "object_id": "2", "object_repr": "00:00:00", "action_flag": 1, "change_message": "[{\"added\": {}}]"}}, {"model": "admin.logentry", "pk": 20, "fields": {"action_time": "2020-03-20T12:55:02.002Z", "user": 1, "content_type": 10, "object_id": "3", "object_repr": "06:00:00", "action_flag": 1, "change_message": "[{\"added\": {}}]"}}, {"model": "admin.logentry", "pk": 21, "fields": {"action_time": "2020-03-20T12:55:13.346Z", "user": 1, "content_type": 10, "object_id": "4", "object_repr": "18:00:00", "action_flag": 1, "change_message": "[{\"added\": {}}]"}}, {"model": "admin.logentry", "pk": 22, "fields": {"action_time": "2020-03-20T12:55:21.606Z", "user": 1, "content_type": 10, "object_id": "5", "object_repr": "12:00:00", "action_flag": 1, "change_message": "[{\"added\": {}}]"}}, {"model": "admin.logentry", "pk": 23, "fields": {"action_time": "2020-03-20T12:55:36.678Z", "user": 1, "content_type": 18, "object_id": "1", "object_repr": " 2020-02-10", "action_flag": 1, "change_message": "[{\"added\": {}}]"}}, {"model": "admin.logentry", "pk": 24, "fields": {"action_time": "2020-03-20T13:04:55.466Z", "user": 1, "content_type": 19, "object_id": "1", "object_repr": "4D MAX", "action_flag": 1, "change_message": "[{\"added\": {}}]"}}, {"model": "admin.logentry", "pk": 25, "fields": {"action_time": "2020-03-20T13:05:07.772Z", "user": 1, "content_type": 19, "object_id": "2", "object_repr": "Stereo", "action_flag": 1, "change_message": "[{\"added\": {}}]"}}, {"model": "admin.logentry", "pk": 26, "fields": {"action_time": "2020-03-20T13:07:18.071Z", "user": 1, "content_type": 18, "object_id": "2", "object_repr": " 2020-03-20", "action_flag": 1, "change_message": "[{\"added\": {}}]"}}, {"model": "admin.logentry", "pk": 27, "fields": {"action_time": "2020-03-20T13:07:20.898Z", "user": 1, "content_type": 15, "object_id": "1", "object_repr": "Title:Ayla Lang:ENG", "action_flag": 1, "change_message": "[{\"added\": {}}]"}}, {"model": "admin.logentry", "pk": 28, "fields": {"action_time": "2020-03-23T15:12:30.811Z", "user": 1, "content_type": 11, "object_id": "2", "object_repr": "Title:Bloodshot Lang:Eng", "action_flag": 1, "change_message": "[{\"added\": {}}]"}}, {"model": "admin.logentry", "pk": 29, "fields": {"action_time": "2020-03-23T15:15:02.941Z", "user": 1, "content_type": 8, "object_id": "2", "object_repr": "Historic", "action_flag": 1, "change_message": "[{\"added\": {}}]"}}, {"model": "admin.logentry", "pk": 30, "fields": {"action_time": "2020-03-23T15:17:40.409Z", "user": 1, "content_type": 11, "object_id": "3", "object_repr": "Title:Tomris Lang:Eng", "action_flag": 1, "change_message": "[{\"added\": {}}]"}}, {"model": "admin.logentry", "pk": 31, "fields": {"action_time": "2020-03-23T15:20:04.759Z", "user": 1, "content_type": 8, "object_id": "3", "object_repr": "Drama", "action_flag": 1, "change_message": "[{\"added\": {}}]"}}, {"model": "admin.logentry", "pk": 32, "fields": {"action_time": "2020-03-23T15:21:29.847Z", "user": 1, "content_type": 11, "object_id": "4", "object_repr": "Title:Kural D\u0131\u015f\u0131 Lang:Eng", "action_flag": 1, "change_message": "[{\"added\": {}}]"}}, {"model": "admin.logentry", "pk": 33, "fields": {"action_time": "2020-03-23T15:22:58.523Z", "user": 1, "content_type": 8, "object_id": "4", "object_repr": "Comedy", "action_flag": 1, "change_message": "[{\"added\": {}}]"}}, {"model": "admin.logentry", "pk": 34, "fields": {"action_time": "2020-03-23T15:24:18.298Z", "user": 1, "content_type": 11, "object_id": "5", "object_repr": "Title:Eltilerin Sava\u015f\u0131 Lang:Tur", "action_flag": 1, "change_message": "[{\"added\": {}}]"}}, {"model": "admin.logentry", "pk": 35, "fields": {"action_time": "2020-03-23T15:27:11.547Z", "user": 1, "content_type": 11, "object_id": "6", "object_repr": "Title:Hababam S\u0131n\u0131f\u0131 Yaz Oyunlar\u0131 Lang:Tur", "action_flag": 1, "change_message": "[{\"added\": {}}]"}}, {"model": "admin.logentry", "pk": 36, "fields": {"action_time": "2020-03-26T15:07:38.913Z", "user": 1, "content_type": 18, "object_id": "3", "object_repr": " 2020-03-26", "action_flag": 1, "change_message": "[{\"added\": {}}]"}}, {"model": "admin.logentry", "pk": 37, "fields": {"action_time": "2020-03-26T15:07:52.408Z", "user": 1, "content_type": 18, "object_id": "4", "object_repr": " 2020-03-27", "action_flag": 1, "change_message": "[{\"added\": {}}]"}}, {"model": "admin.logentry", "pk": 38, "fields": {"action_time": "2020-03-26T15:08:05.004Z", "user": 1, "content_type": 18, "object_id": "5", "object_repr": " 2020-03-28", "action_flag": 1, "change_message": "[{\"added\": {}}]"}}, {"model": "admin.logentry", "pk": 39, "fields": {"action_time": "2020-03-26T15:08:51.288Z", "user": 1, "content_type": 18, "object_id": "6", "object_repr": " 2020-03-29", "action_flag": 1, "change_message": "[{\"added\": {}}]"}}, {"model": "admin.logentry", "pk": 40, "fields": {"action_time": "2020-03-26T15:11:13.352Z", "user": 1, "content_type": 15, "object_id": "2", "object_repr": "Title:Bloodshot Lang:Eng", "action_flag": 1, "change_message": "[{\"added\": {}}]"}}, {"model": "admin.logentry", "pk": 41, "fields": {"action_time": "2020-03-26T15:12:55.351Z", "user": 1, "content_type": 14, "object_id": "6", "object_repr": "Park Cinema", "action_flag": 1, "change_message": "[{\"added\": {}}]"}}, {"model": "admin.logentry", "pk": 42, "fields": {"action_time": "2020-03-26T15:16:20.255Z", "user": 1, "content_type": 18, "object_id": "7", "object_repr": " 2020-03-26", "action_flag": 1, "change_message": "[{\"added\": {}}]"}}, {"model": "admin.logentry", "pk": 43, "fields": {"action_time": "2020-03-26T15:16:34.211Z", "user": 1, "content_type": 18, "object_id": "8", "object_repr": " 2020-03-27", "action_flag": 1, "change_message": "[{\"added\": {}}]"}}, {"model": "admin.logentry", "pk": 44, "fields": {"action_time": "2020-03-26T15:16:49.442Z", "user": 1, "content_type": 18, "object_id": "9", "object_repr": " 2020-03-28", "action_flag": 1, "change_message": "[{\"added\": {}}]"}}, {"model": "admin.logentry", "pk": 45, "fields": {"action_time": "2020-03-26T15:17:43.393Z", "user": 1, "content_type": 15, "object_id": "3", "object_repr": "Title:Tomris Lang:Eng", "action_flag": 1, "change_message": "[{\"added\": {}}]"}}, {"model": "admin.logentry", "pk": 46, "fields": {"action_time": "2020-03-26T15:20:46.066Z", "user": 1, "content_type": 15, "object_id": "4", "object_repr": "Title:Kural D\u0131\u015f\u0131 Lang:Eng", "action_flag": 1, "change_message": "[{\"added\": {}}]"}}, {"model": "admin.logentry", "pk": 47, "fields": {"action_time": "2020-03-26T15:21:14.135Z", "user": 1, "content_type": 15, "object_id": "4", "object_repr": "Title:Kural D\u0131\u015f\u0131 Lang:Eng", "action_flag": 2, "change_message": "[]"}}, {"model": "admin.logentry", "pk": 48, "fields": {"action_time": "2020-03-26T15:23:12.926Z", "user": 1, "content_type": 15, "object_id": "5", "object_repr": "Title:Hababam S\u0131n\u0131f\u0131 Yaz Oyunlar\u0131 Lang:Tur", "action_flag": 1, "change_message": "[{\"added\": {}}]"}}, {"model": "admin.logentry", "pk": 49, "fields": {"action_time": "2020-03-26T15:23:22.575Z", "user": 1, "content_type": 15, "object_id": "5", "object_repr": "Title:Hababam S\u0131n\u0131f\u0131 Yaz Oyunlar\u0131 Lang:Tur", "action_flag": 2, "change_message": "[]"}}, {"model": "admin.logentry", "pk": 50, "fields": {"action_time": "2020-03-26T15:23:33.519Z", "user": 1, "content_type": 15, "object_id": "6", "object_repr": "Title:Hababam S\u0131n\u0131f\u0131 Yaz Oyunlar\u0131 Lang:Tur", "action_flag": 1, "change_message": "[{\"added\": {}}]"}}, {"model": "admin.logentry", "pk": 51, "fields": {"action_time": "2020-03-26T15:23:46.704Z", "user": 1, "content_type": 15, "object_id": "6", "object_repr": "Title:Hababam S\u0131n\u0131f\u0131 Yaz Oyunlar\u0131 Lang:Tur", "action_flag": 2, "change_message": "[]"}}, {"model": "admin.logentry", "pk": 52, "fields": {"action_time": "2020-03-26T15:24:08.571Z", "user": 1, "content_type": 15, "object_id": "7", "object_repr": "Title:Hababam S\u0131n\u0131f\u0131 Yaz Oyunlar\u0131 Lang:Tur", "action_flag": 1, "change_message": "[{\"added\": {}}]"}}, {"model": "admin.logentry", "pk": 53, "fields": {"action_time": "2020-03-26T15:24:16.448Z", "user": 1, "content_type": 15, "object_id": "7", "object_repr": "Title:Hababam S\u0131n\u0131f\u0131 Yaz Oyunlar\u0131 Lang:Tur", "action_flag": 2, "change_message": "[]"}}, {"model": "admin.logentry", "pk": 54, "fields": {"action_time": "2020-03-27T13:33:37.159Z", "user": 1, "content_type": 15, "object_id": "8", "object_repr": "Title:Hababam S\u0131n\u0131f\u0131 Yaz Oyunlar\u0131 Lang:Tur", "action_flag": 1, "change_message": "[{\"added\": {}}]"}}, {"model": "admin.logentry", "pk": 55, "fields": {"action_time": "2020-03-27T13:39:57.315Z", "user": 1, "content_type": 15, "object_id": "9", "object_repr": "Title:Hababam S\u0131n\u0131f\u0131 Yaz Oyunlar\u0131 Lang:Tur", "action_flag": 1, "change_message": "[{\"added\": {}}]"}}, {"model": "admin.logentry", "pk": 56, "fields": {"action_time": "2020-03-27T13:49:21.100Z", "user": 1, "content_type": 15, "object_id": "10", "object_repr": "Title:Hababam S\u0131n\u0131f\u0131 Yaz Oyunlar\u0131 Lang:Tur", "action_flag": 1, "change_message": "[{\"added\": {}}]"}}, {"model": "admin.logentry", "pk": 57, "fields": {"action_time": "2020-03-27T14:50:29.523Z", "user": 1, "content_type": 15, "object_id": "11", "object_repr": "Title:Hababam S\u0131n\u0131f\u0131 Yaz Oyunlar\u0131 Lang:Tur", "action_flag": 1, "change_message": "[{\"added\": {}}]"}}, {"model": "admin.logentry", "pk": 58, "fields": {"action_time": "2020-03-27T14:50:59.439Z", "user": 1, "content_type": 15, "object_id": "11", "object_repr": "Title:Hababam S\u0131n\u0131f\u0131 Yaz Oyunlar\u0131 Lang:Tur", "action_flag": 3, "change_message": ""}}, {"model": "admin.logentry", "pk": 59, "fields": {"action_time": "2020-03-27T14:50:59.444Z", "user": 1, "content_type": 15, "object_id": "10", "object_repr": "Title:Hababam S\u0131n\u0131f\u0131 Yaz Oyunlar\u0131 Lang:Tur", "action_flag": 3, "change_message": ""}}, {"model": "admin.logentry", "pk": 60, "fields": {"action_time": "2020-03-27T14:50:59.449Z", "user": 1, "content_type": 15, "object_id": "9", "object_repr": "Title:Hababam S\u0131n\u0131f\u0131 Yaz Oyunlar\u0131 Lang:Tur", "action_flag": 3, "change_message": ""}}, {"model": "admin.logentry", "pk": 61, "fields": {"action_time": "2020-03-27T14:50:59.453Z", "user": 1, "content_type": 15, "object_id": "8", "object_repr": "Title:Hababam S\u0131n\u0131f\u0131 Yaz Oyunlar\u0131 Lang:Tur", "action_flag": 3, "change_message": ""}}, {"model": "admin.logentry", "pk": 62, "fields": {"action_time": "2020-03-27T14:50:59.457Z", "user": 1, "content_type": 15, "object_id": "7", "object_repr": "Title:Hababam S\u0131n\u0131f\u0131 Yaz Oyunlar\u0131 Lang:Tur", "action_flag": 3, "change_message": ""}}, {"model": "admin.logentry", "pk": 63, "fields": {"action_time": "2020-03-27T14:50:59.462Z", "user": 1, "content_type": 15, "object_id": "6", "object_repr": "Title:Hababam S\u0131n\u0131f\u0131 Yaz Oyunlar\u0131 Lang:Tur", "action_flag": 3, "change_message": ""}}, {"model": "admin.logentry", "pk": 64, "fields": {"action_time": "2020-03-27T15:16:03.236Z", "user": 1, "content_type": 15, "object_id": "12", "object_repr": "Title:Hababam S\u0131n\u0131f\u0131 Yaz Oyunlar\u0131 Lang:Tur", "action_flag": 1, "change_message": "[{\"added\": {}}]"}}, {"model": "admin.logentry", "pk": 65, "fields": {"action_time": "2020-03-27T15:22:43.960Z", "user": 1, "content_type": 15, "object_id": "13", "object_repr": "Title:Hababam S\u0131n\u0131f\u0131 Yaz Oyunlar\u0131 Lang:Tur", "action_flag": 1, "change_message": "[{\"added\": {}}]"}}, {"model": "admin.logentry", "pk": 66, "fields": {"action_time": "2020-03-27T15:24:52.265Z", "user": 1, "content_type": 15, "object_id": "14", "object_repr": "Title:Hababam S\u0131n\u0131f\u0131 Yaz Oyunlar\u0131 Lang:Tur", "action_flag": 1, "change_message": "[{\"added\": {}}]"}}, {"model": "admin.logentry", "pk": 67, "fields": {"action_time": "2020-03-27T15:51:36.499Z", "user": 1, "content_type": 15, "object_id": "15", "object_repr": "Title:Hababam S\u0131n\u0131f\u0131 Yaz Oyunlar\u0131 Lang:Tur", "action_flag": 1, "change_message": "[{\"added\": {}}]"}}, {"model": "admin.logentry", "pk": 68, "fields": {"action_time": "2020-03-28T06:03:25.771Z", "user": 1, "content_type": 15, "object_id": "16", "object_repr": "Title:Eltilerin Sava\u015f\u0131 Lang:Tur", "action_flag": 1, "change_message": "[{\"added\": {}}]"}}, {"model": "admin.logentry", "pk": 69, "fields": {"action_time": "2020-03-28T07:58:54.932Z", "user": 1, "content_type": 15, "object_id": "1", "object_repr": "Title:Ayla Lang:ENG", "action_flag": 3, "change_message": ""}}, {"model": "admin.logentry", "pk": 70, "fields": {"action_time": "2020-03-28T08:04:12.331Z", "user": 1, "content_type": 15, "object_id": "13", "object_repr": "Title:Hababam S\u0131n\u0131f\u0131 Yaz Oyunlar\u0131 Lang:Tur", "action_flag": 2, "change_message": "[{\"changed\": {\"fields\": [\"Hall\"]}}]"}}, {"model": "admin.logentry", "pk": 71, "fields": {"action_time": "2020-03-28T08:04:27.828Z", "user": 1, "content_type": 15, "object_id": "16", "object_repr": "Title:Eltilerin Sava\u015f\u0131 Lang:Tur", "action_flag": 2, "change_message": "[{\"changed\": {\"fields\": [\"Hall\"]}}]"}}, {"model": "admin.logentry", "pk": 72, "fields": {"action_time": "2020-04-12T15:45:30.927Z", "user": 1, "content_type": 11, "object_id": "1", "object_repr": "Title:Sleeping Cat Lang:ENG", "action_flag": 2, "change_message": "[{\"changed\": {\"fields\": [\"Title\"]}}]"}}, {"model": "admin.logentry", "pk": 73, "fields": {"action_time": "2020-05-17T15:48:07.508Z", "user": 1, "content_type": 14, "object_id": "7", "object_repr": "Cool movies", "action_flag": 1, "change_message": "[{\"added\": {}}]"}}, {"model": "admin.logentry", "pk": 74, "fields": {"action_time": "2020-05-18T14:37:38.667Z", "user": 1, "content_type": 15, "object_id": "17", "object_repr": "Title:Hababam S\u0131n\u0131f\u0131 Yaz Oyunlar\u0131 Lang:Tur A\u011fdam Metropark Hall1 ", "action_flag": 1, "change_message": "[{\"added\": {}}]"}}, {"model": "admin.logentry", "pk": 75, "fields": {"action_time": "2020-05-18T14:38:48.586Z", "user": 1, "content_type": 15, "object_id": "17", "object_repr": "Title:Hababam S\u0131n\u0131f\u0131 Yaz Oyunlar\u0131 Lang:Tur A\u011fdam Metropark Hall1 ", "action_flag": 3, "change_message": ""}}, {"model": "admin.logentry", "pk": 76, "fields": {"action_time": "2020-05-18T14:38:48.592Z", "user": 1, "content_type": 15, "object_id": "5", "object_repr": "Title:Hababam S\u0131n\u0131f\u0131 Yaz Oyunlar\u0131 Lang:Tur A\u011fdam Metropark Hall1 ", "action_flag": 3, "change_message": ""}}, {"model": "admin.logentry", "pk": 77, "fields": {"action_time": "2020-05-18T14:39:08.313Z", "user": 1, "content_type": 15, "object_id": "18", "object_repr": "Title:Sleeping Cat Lang:ENG A\u011fdam Metropark Hall1 ", "action_flag": 1, "change_message": "[{\"added\": {}}]"}}, {"model": "admin.logentry", "pk": 78, "fields": {"action_time": "2020-05-18T14:39:31.117Z", "user": 1, "content_type": 15, "object_id": "19", "object_repr": "Title:Hababam S\u0131n\u0131f\u0131 Yaz Oyunlar\u0131 Lang:Tur A\u011fdam Metropark Hall1 ", "action_flag": 1, "change_message": "[{\"added\": {}}]"}}, {"model": "admin.logentry", "pk": 79, "fields": {"action_time": "2020-05-18T14:40:16.113Z", "user": 1, "content_type": 15, "object_id": "19", "object_repr": "Title:Hababam S\u0131n\u0131f\u0131 Yaz Oyunlar\u0131 Lang:Tur K\u0259lb\u0259c\u0259r Park Cinema Hall1 ", "action_flag": 2, "change_message": "[{\"changed\": {\"fields\": [\"Hall\"]}}]"}}, {"model": "admin.logentry", "pk": 80, "fields": {"action_time": "2020-05-18T14:40:39.943Z", "user": 1, "content_type": 15, "object_id": "19", "object_repr": "Title:Hababam S\u0131n\u0131f\u0131 Yaz Oyunlar\u0131 Lang:Tur Bak\u0131 Cinemamax Hall1 ", "action_flag": 2, "change_message": "[{\"changed\": {\"fields\": [\"Hall\"]}}]"}}, {"model": "admin.logentry", "pk": 81, "fields": {"action_time": "2020-05-18T14:41:51.528Z", "user": 1, "content_type": 15, "object_id": "19", "object_repr": "Title:Hababam S\u0131n\u0131f\u0131 Yaz Oyunlar\u0131 Lang:Tur A\u011fdam Metropark Hall1 ", "action_flag": 2, "change_message": "[{\"changed\": {\"fields\": [\"Hall\"]}}]"}}, {"model": "admin.logentry", "pk": 82, "fields": {"action_time": "2020-05-18T16:47:40.284Z", "user": 1, "content_type": 15, "object_id": "19", "object_repr": "Title:Hababam S\u0131n\u0131f\u0131 Yaz Oyunlar\u0131 Lang:Tur Bak\u0131 Cinemamax Hall1 ", "action_flag": 2, "change_message": "[{\"changed\": {\"fields\": [\"Hall\"]}}]"}}, {"model": "admin.logentry", "pk": 83, "fields": {"action_time": "2020-05-18T16:50:53.398Z", "user": 1, "content_type": 7, "object_id": "1", "object_repr": "Baku", "action_flag": 2, "change_message": "[{\"changed\": {\"fields\": [\"Name\"]}}]"}}, {"model": "admin.logentry", "pk": 84, "fields": {"action_time": "2020-05-18T17:01:55.302Z", "user": 1, "content_type": 7, "object_id": "1", "object_repr": "Bak\u0131", "action_flag": 2, "change_message": "[{\"changed\": {\"fields\": [\"Name\"]}}]"}}, {"model": "admin.logentry", "pk": 85, "fields": {"action_time": "2020-05-18T17:05:03.952Z", "user": 1, "content_type": 15, "object_id": "20", "object_repr": "Title:Hababam S\u0131n\u0131f\u0131 Yaz Oyunlar\u0131 Lang:Tur A\u011fdam Metropark Hall1 ", "action_flag": 1, "change_message": "[{\"added\": {}}]"}}, {"model": "admin.logentry", "pk": 86, "fields": {"action_time": "2020-05-19T12:29:46.233Z", "user": 1, "content_type": 15, "object_id": "21", "object_repr": "Title:Bloodshot Lang:Eng Bak\u0131 Cinemamax Hall1 ", "action_flag": 1, "change_message": "[{\"added\": {}}]"}}, {"model": "admin.logentry", "pk": 87, "fields": {"action_time": "2020-05-19T12:30:13.330Z", "user": 1, "content_type": 15, "object_id": "22", "object_repr": "Title:Tomris Lang:Eng K\u0259lb\u0259c\u0259r Park Cinema Hall1 ", "action_flag": 1, "change_message": "[{\"added\": {}}]"}}, {"model": "admin.logentry", "pk": 88, "fields": {"action_time": "2020-05-19T12:30:55.525Z", "user": 1, "content_type": 15, "object_id": "23", "object_repr": "Title:Kural D\u0131\u015f\u0131 Lang:Eng Bak\u0131 Cinemamax Hall1 ", "action_flag": 1, "change_message": "[{\"added\": {}}]"}}]